<?xml version='1.0' encoding='UTF-8'?>
<?atoc version='0.0.2'?>
<atoc>
<summary  count='9'  totalSize='335202' >
<digs da='MD5'  count='1' />
<digs da='MD5'  count='1' />
</summary>
<cset n='native' >
<summary  count='4'  totalSize='112116' >
<digs da='MD5'  count='1' />
<digs da='MD5'  count='1' />
</summary>
<cset q='file'  href='nq/native_file.xml'  size='1982' md5='c6d2c73699746cb7d553b531cc0667e4'>
<summary  count='4'  totalSize='112116' >
<digs da='MD5'  count='1' />
<digs da='MD5'  count='1' />
</summary>
</cset>
</cset>
<cset n='eclipse' >
<summary  count='5'  totalSize='223086' >
<digs da='MD5'  count='1' />
</summary>
<cset q='plugin'  href='nq/eclipse_plugin.xml'  size='2140' md5='d454b9062423245a1bf72e410b19da57'>
<summary  count='5'  totalSize='223086' >
<digs da='MD5'  count='1' />
</summary>
</cset>
</cset></atoc>