<?xml version="1.0" encoding="UTF-8"?>
<?atoc version='0.0.1'?>
<cset q="zip" >
<summary  count="1"  totalSize="4379408" >
<digs da="MD5"  count="1" />
</summary>
<cset id="8.5.5.1-WS-WASProd-IFPI15998-1s-8.5.5001-1i.file.operations" >
<summary  count="1"  totalSize="4379408" >
<digs da="MD5"  count="1" />
</summary>
<cset v="8.*" >
<summary  count="1"  totalSize="4379408" >
<digs da="MD5"  count="1" />
</summary>
<cset p="*" >
<summary  count="1"  totalSize="4379408" >
<digs da="MD5"  count="1" />
</summary>
<af id="8.5.5.1-WS-WASProd-IFPI15998-1s-8.5.5001-1i.file.operations"  v="8.5.5.20140415_1142"  p=""  ex="false"  sz="4379408" >
<dig da="MD5"  dv="cb3c2aeecb6b7eec53f9b24de9d0804d" />

</af>
</cset>
</cset>
</cset>
</cset>