<?xml version="1.0" encoding="UTF-8"?>
<?atoc version='0.0.1'?>
<cset q="file" >
<summary  count="1"  totalSize="3277" >
<digs da="MD5"  count="1" />
</summary>
<cset id="com.ibm.ws*" >
<summary  count="1"  totalSize="3277" >
<digs da="MD5"  count="1" />
</summary>
<cset v="8.*" >
<summary  count="1"  totalSize="3277" >
<digs da="MD5"  count="1" />
</summary>
<cset p="*" >
<summary  count="1"  totalSize="3277" >
<digs da="MD5"  count="1" />
</summary>
<af id="com.ibm.ws.exec.chmod"  v="8.0.0.201203071708"  p="jar"  ex="false"  sz="3277" >
<dig da="MD5"  dv="fef3f499607e4eed6ff803617d0b3ded" />

</af>
</cset>
</cset>
</cset>
</cset>