<?xml version='1.0' encoding='UTF-8'?>
<?atoc version='0.0.2'?>
<atoc>
<summary  count='8'  totalSize='333902' >
<digs da='MD5'  count='1' />
<digs da='MD5'  count='1' />
</summary>
<cset n='native' >
<summary  count='3'  totalSize='110816' >
<digs da='MD5'  count='1' />
</summary>
<cset q='file'  href='nq/native_file.xml'  size='1503' md5='99c1fb42fa1b7d795c8df4091d3c09e6'>
<summary  count='3'  totalSize='110816' >
<digs da='MD5'  count='1' />
</summary>
</cset>
</cset>
<cset n='eclipse' >
<summary  count='5'  totalSize='223086' >
<digs da='MD5'  count='1' />
<digs da='MD5'  count='1' />
</summary>
<cset q='plugin'  href='nq/eclipse_plugin.xml'  size='2140' md5='b1342d3e751f158a93ecc4197996b453'>
<summary  count='5'  totalSize='223086' >
<digs da='MD5'  count='1' />
<digs da='MD5'  count='1' />
</summary>
</cset>
</cset></atoc>