<?xml version='1.0' encoding='UTF-8'?>
<?repositoryDigest version='0.0.1'?>
<repositoryDigest>
  <repository>
    <property name='LayoutPolicy' value='P1'/>
    <property name='LayoutPolicyVersion' value='0.0.0.1'/>
    <fix id='8.5.5.1-WS-WAS-IFPM94437' version='8.5.5001.20140110_1345' offeringId='EnhancedFix' offeringVersion='0.0.0.EnhancedFix'>
      <information name='8.5.5.1-WS-WAS-IFPM94437' version='8.5.5001.20140110_1345'>
        INTERIM FIX FOR APAR PM94437 ON WAS 8.5.5.1 FIXPACK LEVEL
      </information>
      <property name='beta.compatible' value='true'/>
      <property name='offering.type' value=''/>
      <property name='default.profile' value=''/>
      <property name='default.user.profile' value=''/>
      <property name='vendor.name' value=''/>
      <property name='offering.service.repositories' value=''/>
      <file name='Fixes/8.5.5.1-WS-WAS-IFPM94437_8.5.5001.20140110_1345.fix'/>
    </fix>
  </repository>
</repositoryDigest>
