<?xml version="1.0" encoding="UTF-8"?>
<?atoc version='0.0.1'?>
<cset q="file" >
<summary  count="3"  totalSize="110816" >
<digs da="MD5"  count="1" />
<digs da="MD5"  count="1" />
</summary>
<cset id="8.5.5.1-WS-WAS-IFPM94437-1s-1i.jar.operations" >
<summary  count="1"  totalSize="66802" >
<digs da="MD5"  count="1" />
</summary>
<cset v="8.*" >
<summary  count="1"  totalSize="66802" >
<digs da="MD5"  count="1" />
</summary>
<cset p="*" >
<summary  count="1"  totalSize="66802" >
<digs da="MD5"  count="1" />
</summary>
<af id="8.5.5.1-WS-WAS-IFPM94437-1s-1i.jar.operations"  v="8.5.5.20140110_1345"  p="zip"  ex="false"  sz="66802" >
<dig da="MD5"  dv="6ea20f622de4ddb37df8fe2422a1f714" />

</af>
</cset>
</cset>
</cset>
<cset id="com.ibm.ws*" >
<summary  count="2"  totalSize="44014" >
<digs da="MD5"  count="1" />
<digs da="MD5"  count="1" />
</summary>
<cset v="8.*" >
<summary  count="2"  totalSize="44014" >
<digs da="MD5"  count="1" />
<digs da="MD5"  count="1" />
</summary>
<cset p="*" >
<summary  count="2"  totalSize="44014" >
<digs da="MD5"  count="1" />
<digs da="MD5"  count="1" />
</summary>
<af id="com.ibm.ws.patchinstaller"  v="8.0.0.201303181225"  p="jar"  ex="false"  sz="40737" >
<dig da="MD5"  dv="8c272715c6fbc52228991e2985b4667b" />

</af>
<af id="com.ibm.ws.exec.chmod"  v="8.0.0.201203071708"  p="jar"  ex="false"  sz="3277" >
<dig da="MD5"  dv="c949183f34570fcc9cc7cdc33e126342" />

</af>
</cset>
</cset>
</cset>
</cset>