<?xml version="1.0" encoding="UTF-8"?>
<?atoc version='0.0.1'?>
<cset q="file" >
<summary  count="4"  totalSize="112116" >
<digs da="MD5"  count="1" />
<digs da="MD5"  count="1" />
</summary>
<cset id="com.ibm.ws*" >
<summary  count="2"  totalSize="44014" >
<digs da="MD5"  count="1" />
</summary>
<cset v="8.*" >
<summary  count="2"  totalSize="44014" >
<digs da="MD5"  count="1" />
</summary>
<cset p="*" >
<summary  count="2"  totalSize="44014" >
<digs da="MD5"  count="1" />
</summary>
<af id="com.ibm.ws.patchinstaller"  v="8.0.0.201303181225"  p="jar"  ex="false"  sz="40737" >
<dig da="MD5"  dv="8c272715c6fbc52228991e2985b4667b" />

</af>
<af id="com.ibm.ws.exec.chmod"  v="8.0.0.201203071708"  p="jar"  ex="false"  sz="3277" >
<dig da="MD5"  dv="c949183f34570fcc9cc7cdc33e126342" />

</af>
</cset>
</cset>
</cset>
<cset id="8.5.5.1-WS-WASProd-IFPM91417-2s-1i.jar.operations" >
<summary  count="1"  totalSize="34253" >
<digs da="MD5"  count="1" />
</summary>
<cset v="8.*" >
<summary  count="1"  totalSize="34253" >
<digs da="MD5"  count="1" />
</summary>
<cset p="*" >
<summary  count="1"  totalSize="34253" >
<digs da="MD5"  count="1" />
</summary>
<af id="8.5.5.1-WS-WASProd-IFPM91417-2s-1i.jar.operations"  v="8.5.5.20131205_0907"  p="zip"  ex="false"  sz="34253" >
<dig da="MD5"  dv="1c225705891d827935010f9a2a017423" />

</af>
</cset>
</cset>
</cset>
<cset id="8.5.5.1-WS-WASProd-IFPM91417-1s-1i.jar.operations" >
<summary  count="1"  totalSize="33849" >
<digs da="MD5"  count="1" />
</summary>
<cset v="8.*" >
<summary  count="1"  totalSize="33849" >
<digs da="MD5"  count="1" />
</summary>
<cset p="*" >
<summary  count="1"  totalSize="33849" >
<digs da="MD5"  count="1" />
</summary>
<af id="8.5.5.1-WS-WASProd-IFPM91417-1s-1i.jar.operations"  v="8.5.5.20131205_0907"  p="zip"  ex="false"  sz="33849" >
<dig da="MD5"  dv="f308abc5cf4eb80ef4629d9985ae4b8d" />

</af>
</cset>
</cset>
</cset>
</cset>