<?xml version='1.0' encoding='UTF-8'?>
<?atoc version='0.0.2'?>
<atoc>
<summary  count='7'  totalSize='4605784' >
<digs da='MD5'  count='1' />
<digs da='MD5'  count='1' />
</summary>
<cset n='eclipse' >
<summary  count='5'  totalSize='223099' >
<digs da='MD5'  count='1' />
</summary>
<cset q='plugin'  href='nq/eclipse_plugin.xml'  size='2140' md5='8c6014d952dcb5b98940ea75eb461d7d'>
<summary  count='5'  totalSize='223099' >
<digs da='MD5'  count='1' />
</summary>
</cset>
</cset>
<cset n='native' >
<summary  count='2'  totalSize='4382685' >
<digs da='MD5'  count='1' />
<digs da='MD5'  count='1' />
</summary>
<cset q='zip'  href='nq/native_zip.xml'  size='762' md5='4187c1a442643d86ad52fa6b8eb2a583'>
<summary  count='1'  totalSize='4379408' >
<digs da='MD5'  count='1' />
</summary>
</cset>
<cset q='file'  href='nq/native_file.xml'  size='664' md5='03b9d52b525f38ed1f01e21c04779c1c'>
<summary  count='1'  totalSize='3277' >
<digs da='MD5'  count='1' />
</summary>
</cset>
</cset></atoc>